{
  "gameID": "marchingOrders2",
  "gameName": "Marching Orders 2",
  "series": "tengoku",
  "cues": [
    {
      "id": "marchingOrders2/attention1",
      "duration": 0.5,
      "name": "general - attention 1"
    },
    {
      "id": "marchingOrders2/attention2",
      "duration": 1.5,
      "name": "general - attention 2"
    },
    {
      "id": "marchingOrders2/march1",
      "duration": 0.25,
      "name": "general - march 1"
    },
    {
      "id": "marchingOrders2/march2",
      "duration": 0.25,
      "name": "general - march 2"
    },
    {
      "id": "marchingOrders2/march3",
      "duration": 0.5,
      "name": "general - march 3"
    },
    {
      "id": "marchingOrders2/march4",
      "duration": 1,
      "name": "cadets - start marching"
    },
    {
      "id": "marchingOrders2/step1",
      "duration": 1,
      "name": "cadets - left step"
    },
    {
      "id": "marchingOrders2/step2",
      "duration": 1,
      "name": "cadets - right step"
    },
    {
      "id": "marchingOrders2/halt1",
      "duration": 0.25,
      "name": "general - halt 1"
    },
    {
      "id": "marchingOrders2/halt2",
      "duration": 0.083,
      "name": "general - halt 2"
    },
    {
      "id": "marchingOrders2/halt3",
      "duration": 0.667,
      "name": "general - halt 3"
    },
    {
      "id": "marchingOrders2/halt4",
      "duration": 1,
      "name": "cadets - halt"
    },
    {
      "id": "marchingOrders2/leftFaceTurn1",
      "duration": 0.25,
      "name": "general - left face turn 1"
    },
    {
      "id": "marchingOrders2/leftFaceTurn2",
      "duration": 0.25,
      "name": "general - left face turn 2"
    },
    {
      "id": "marchingOrders2/leftFaceTurn3",
      "duration": 1.5,
      "name": "general - left face turn 3"
    },
    {
      "id": "marchingOrders2/leftFaceTurn4",
      "duration": 1,
      "name": "general - left face turn 4"
    },
    {
      "id": "marchingOrders2/leftFaceTurn5",
      "duration": 1,
      "name": "cadets - left face turn"
    },
    {
      "id": "marchingOrders2/rightFaceTurn1",
      "duration": 0.25,
      "name": "general - right face turn 1"
    },
    {
      "id": "marchingOrders2/rightFaceTurn2",
      "duration": 0.25,
      "name": "general - right face turn 2"
    },
    {
      "id": "marchingOrders2/rightFaceTurn3",
      "duration": 1.5,
      "name": "general - right face turn 3"
    },
    {
      "id": "marchingOrders2/rightFaceTurn4",
      "duration": 1,
      "name": "general - right face turn 4"
    },
    {
      "id": "marchingOrders2/rightFaceTurn5",
      "duration": 1,
      "name": "cadets - right face turn"
    },
    {
      "id": "marchingOrders2/fastLeftFaceTurn1",
      "duration": 0.5,
      "name": "general - fast left face turn 1"
    },
    {
      "id": "marchingOrders2/fastLeftFaceTurn2",
      "duration": 0.25,
      "name": "general - fast left face turn 2"
    },
    {
      "id": "marchingOrders2/fastLeftFaceTurn3",
      "duration": 1.0,
      "name": "general - fast left face turn 3"
    },
    {
      "id": "marchingOrders2/fastRightFaceTurn1",
      "duration": 0.5,
      "name": "general - fast right face turn 1"
    },
    {
      "id": "marchingOrders2/fastRightFaceTurn2",
      "duration": 0.25,
      "name": "general - fast right face turn 2"
    },
    {
      "id": "marchingOrders2/fastRightFaceTurn3",
      "duration": 1.0,
      "name": "general - fast right face turn 3"
    }
  ],
  "patterns": [
    {
      "id": "marchingOrders2_attentionMarch",
      "name": "attention... march!",
      "cues": [
        {
          "id": "marchingOrders2/attention1",
          "beat": 0.0
        },
        {
          "id": "marchingOrders2/attention2",
          "beat": 0.5
        },
        {
          "id": "marchingOrders2/march1",
          "beat": 2.0
        },
        {
          "id": "marchingOrders2/march2",
          "beat": 2.25
        },
        {
          "id": "marchingOrders2/march3",
          "beat": 2.5
        },
        {
          "id": "marchingOrders2/march4",
          "beat": 3
        }
      ]
    },
    {
      "id": "marchingOrders2_marching",
      "name": "marching",
      "cues": [
        {
          "id": "marchingOrders2/step1",
          "beat": 0.0
        },
        {
          "id": "marchingOrders2/step2",
          "beat": 1.0
        },
        {
          "id": "marchingOrders2/step1",
          "beat": 2.0
        },
        {
          "id": "marchingOrders2/step2",
          "beat": 3.0
        }
      ]
    },
    {
      "id": "marchingOrders2_attentionHalt",
      "name": "attention... halt!",
      "cues": [
        {
          "id": "marchingOrders2/attention1",
          "beat": 0.0
        },
        {
          "id": "marchingOrders2/attention2",
          "beat": 0.5
        },
        {
          "id": "marchingOrders2/halt1",
          "beat": 2.0
        },
        {
          "id": "marchingOrders2/halt2",
          "beat": 2.25
        },
        {
          "id": "marchingOrders2/halt3",
          "beat": 2.333
        },
        {
          "id": "marchingOrders2/halt4",
          "beat": 3
        }
      ]
    },
    {
      "id": "marchingOrders2_leftFaceTurn",
      "name": "left face turn",
      "cues": [
        {
          "id": "marchingOrders2/leftFaceTurn1",
          "beat": 0.0
        },
        {
          "id": "marchingOrders2/leftFaceTurn2",
          "beat": 0.25
        },
        {
          "id": "marchingOrders2/leftFaceTurn3",
          "beat": 0.5
        },
        {
          "id": "marchingOrders2/leftFaceTurn4",
          "beat": 2.0
        },
        {
          "id": "marchingOrders2/leftFaceTurn5",
          "beat": 3.0
        }
      ]
    },
    {
      "id": "marchingOrders2_rightFaceTurn",
      "name": "right face turn",
      "cues": [
        {
          "id": "marchingOrders2/rightFaceTurn1",
          "beat": 0.0
        },
        {
          "id": "marchingOrders2/rightFaceTurn2",
          "beat": 0.25
        },
        {
          "id": "marchingOrders2/rightFaceTurn3",
          "beat": 0.5
        },
        {
          "id": "marchingOrders2/rightFaceTurn4",
          "beat": 2.0
        },
        {
          "id": "marchingOrders2/rightFaceTurn5",
          "beat": 3.0
        }
      ]
    },
    {
      "id": "marchingOrders2_fastLeftFaceTurn",
      "name": "fast left face turn",
      "cues": [
        {
          "id": "marchingOrders2/fastLeftFaceTurn1",
          "beat": 0.0
        },
        {
          "id": "marchingOrders2/fastLeftFaceTurn2",
          "beat": 0.5
        },
        {
          "id": "marchingOrders2/fastLeftFaceTurn3",
          "beat": 1.0
        },
        {
          "id": "marchingOrders2/leftFaceTurn5",
          "beat": 2.0
        }
      ]
    },
    {
      "id": "marchingOrders2_fastRightFaceTurn",
      "name": "fast right face turn",
      "cues": [
        {
          "id": "marchingOrders2/fastRightFaceTurn1",
          "beat": 0.0
        },
        {
          "id": "marchingOrders2/fastRightFaceTurn2",
          "beat": 0.5
        },
        {
          "id": "marchingOrders2/fastRightFaceTurn3",
          "beat": 1.0
        },
        {
          "id": "marchingOrders2/rightFaceTurn5",
          "beat": 2.0
        }
      ]
    }
  ]
}